{
    "Missions": [
        {
            "Name": "Balota_AF_Runway",
            "Position": [
                5089.8896484375,
                9.34000301361084,
                2296.47900390625
            ],
            "Bots_Positions": [
                [
                    5093.58984375,
                    9.375389099121094,
                    2283.8662109375
                ],
                [
                    5101.919921875,
                    9.34256362915039,
                    2289.268310546875
                ],
                [
                    5094.3125,
                    9.340010643005371,
                    2297.74072265625
                ],
                [
                    5081.08935546875,
                    9.340011596679688,
                    2293.700927734375
                ],
                [
                    5072.85888671875,
                    9.339969635009766,
                    2309.37548828125
                ],
                [
                    5073.6787109375,
                    9.395637512207031,
                    2271.2900390625
                ],
                [
                    5082.29052734375,
                    9.36202621459961,
                    2264.239990234375
                ],
                [
                    5087.439453125,
                    9.340720176696777,
                    2279.460205078125
                ]
            ],
            "Bots_Count_Minimum": 2,
            "Bots_Count_Maximum": 8,
            "Bots_Expansion_Loadouts": [
                "SanitarLoadout",
                "GlukharLoadout",
                "KillaLoadout",
                "BirdeyeLoadout",
                "BigPipeLoadout",
                "CultistLoadout",
                "BanditAK_MMG"
            ],
            "Bots_Faction": "Shamans",
            "Bots_Range": 400,
            "Bots_Accuracy_Min": 0.5,
            "Bots_Accuracy_Max": 0.7,
            "Bots_ThreatDistanceLimit": 400,
            "Bots_NoiseInvestigationDistanceLimit": 250,
            "Bots_Damage_Done_Multiplier": 1,
            "Bots_Damage_Taken_Multiplier": 1,
            "Is_NBC_Mission": 0,
            "Allow_Crate_Reward": 1,
            "Allow_Vehicle_Reward": 0,
            "Allow_Helicopter_Reward": 0,
            "Vehicle_Spawn_Position": [],
            "Loot_Pool_Index": 1,
            "Bots_Formation": "RANDOM",
            "Bots_FormationLooseness": 0.0,
            "Bots_Behaviour": "ALTERNATE",
            "Bots_Speed": "JOG",
            "Bots_UnderThreatSpeed": "SPRINT",
            "Bots_UnlimitedReload": 1,
            "Bots_WaypointInterpolation": "",
            "Bots_UseRandomWaypointAsStartPoint": 0,
            "Bots_CanBeLooted": 1,
            "Static_Objects": []
        },
        {
            "Name": "Balota_AF_Runway_1",
            "Position": [
                4942.47119140625,
                9.977411270141602,
                2452.5771484375
            ],
            "Bots_Positions": [
                [
                    4955.46435546875,
                    9.514890670776367,
                    2433.460205078125
                ],
                [
                    4956.681640625,
                    9.499988555908203,
                    2447.626220703125
                ],
                [
                    4944.5400390625,
                    9.98576545715332,
                    2460.03369140625
                ],
                [
                    4936.84228515625,
                    9.98576545715332,
                    2472.63330078125
                ],
                [
                    4934.546875,
                    9.5,
                    2453.302001953125
                ],
                [
                    4917.68017578125,
                    9.491719245910645,
                    2463.8759765625
                ],
                [
                    4942.748046875,
                    9.514890670776367,
                    2448.558349609375
                ],
                [
                    4938.05029296875,
                    9.514890670776367,
                    2429.041748046875
                ]
            ],
            "Bots_Count_Minimum": 2,
            "Bots_Count_Maximum": 8,
            "Bots_Expansion_Loadouts": [
                "SanitarLoadout",
                "GlukharLoadout",
                "KillaLoadout",
                "BirdeyeLoadout",
                "BigPipeLoadout",
                "CultistLoadout",
                "BanditAK_MMG"
            ],
            "Bots_Faction": "Shamans",
            "Bots_Range": 400,
            "Bots_Accuracy_Min": 0.5,
            "Bots_Accuracy_Max": 0.7,
            "Bots_ThreatDistanceLimit": 400,
            "Bots_NoiseInvestigationDistanceLimit": 250,
            "Bots_Damage_Done_Multiplier": 1,
            "Bots_Damage_Taken_Multiplier": 1,
            "Is_NBC_Mission": 0,
            "Allow_Crate_Reward": 1,
            "Allow_Vehicle_Reward": 0,
            "Allow_Helicopter_Reward": 0,
            "Vehicle_Spawn_Position": [],
            "Loot_Pool_Index": 1,
            "Bots_Formation": "RANDOM",
            "Bots_FormationLooseness": 0.0,
            "Bots_Behaviour": "ALTERNATE",
            "Bots_Speed": "JOG",
            "Bots_UnderThreatSpeed": "SPRINT",
            "Bots_UnlimitedReload": 1,
            "Bots_WaypointInterpolation": "",
            "Bots_UseRandomWaypointAsStartPoint": 0,
            "Bots_CanBeLooted": 1,
            "Static_Objects": []
        },
        {
            "Name": "Balota_AF_Runway_2",
            "Position": [
                5008.0244140625,
                10.53610610961914,
                2547.00146484375
            ],
            "Bots_Positions": [
                [
                    5005.6005859375,
                    10.514223098754883,
                    2545.9287109375
                ],
                [
                    4992.84619140625,
                    10.019145011901855,
                    2552.283935546875
                ],
                [
                    4974.5927734375,
                    9.397658348083496,
                    2572.966552734375
                ],
                [
                    4966.31787109375,
                    9.588531494140625,
                    2561.730224609375
                ],
                [
                    4980.46826171875,
                    9.505006790161133,
                    2551.24951171875
                ]
            ],
            "Bots_Count_Minimum": 2,
            "Bots_Count_Maximum": 5,
            "Bots_Expansion_Loadouts": [
                "SanitarLoadout",
                "GlukharLoadout",
                "KillaLoadout",
                "BirdeyeLoadout",
                "BigPipeLoadout",
                "CultistLoadout",
                "BanditAK_MMG"
            ],
            "Bots_Faction": "Shamans",
            "Bots_Range": 400,
            "Bots_Accuracy_Min": 0.5,
            "Bots_Accuracy_Max": 0.7,
            "Bots_ThreatDistanceLimit": 400,
            "Bots_NoiseInvestigationDistanceLimit": 250,
            "Bots_Damage_Done_Multiplier": 1,
            "Bots_Damage_Taken_Multiplier": 1,
            "Is_NBC_Mission": 0,
            "Allow_Crate_Reward": 1,
            "Allow_Vehicle_Reward": 0,
            "Allow_Helicopter_Reward": 0,
            "Vehicle_Spawn_Position": [],
            "Loot_Pool_Index": 1,
            "Bots_Formation": "RANDOM",
            "Bots_FormationLooseness": 0.0,
            "Bots_Behaviour": "ALTERNATE",
            "Bots_Speed": "JOG",
            "Bots_UnderThreatSpeed": "SPRINT",
            "Bots_UnlimitedReload": 1,