{
    "Missions": [
        {
            "Name": "Castle_Chortov_Ambush",
            "Position": [
                6890.06005859375,
                405.9289855957031,
                11438.5
            ],
            "Bots_Positions": [
                [
                    6900.93603515625,
                    405.7209777832031,
                    11429.0078125
                ],
                [
                    6910.154296875,
                    405.7774353027344,
                    11413.458984375
                ],
                [
                    6907.78564453125,
                    405.8429260253906,
                    11396.88671875
                ],
                [
                    6884.9658203125,
                    405.87274169921875,
                    11409.6279296875
                ],
                [
                    6880.8720703125,
                    405.78302001953125,
                    11428.771484375
                ],
                [
                    6875.9296875,
                    401.6005859375,
                    11462.0
                ],
                [
                    6895.22509765625,
                    403.74505615234375,
                    11452.58984375
                ],
                [
                    6907.71728515625,
                    404.3970947265625,
                    11448.1123046875
                ],
                [
                    6868.84912109375,
                    405.2172546386719,
                    11435.1435546875
                ]
            ],
            "Bots_Count_Minimum": 2,
            "Bots_Count_Maximum": 9,
            "Bots_Expansion_Loadouts": [
                "SanitarLoadout",
                "GlukharLoadout",
                "KillaLoadout",
                "BirdeyeLoadout",
                "BigPipeLoadout",
                "CultistLoadout",
                "BanditAK_MMG"
            ],
            "Bots_Faction": "Shamans",
            "Bots_Range": 400,
            "Bots_Accuracy_Min": 0.5,
            "Bots_Accuracy_Max": 0.7,
            "Bots_ThreatDistanceLimit": 400,
            "Bots_NoiseInvestigationDistanceLimit": 250,
            "Bots_Damage_Done_Multiplier": 1,
            "Bots_Damage_Taken_Multiplier": 1,
            "Is_NBC_Mission": 0,
            "Allow_Crate_Reward": 1,
            "Allow_Vehicle_Reward": 0,
            "Allow_Helicopter_Reward": 0,
            "Vehicle_Spawn_Position": [],
            "Loot_Pool_Index": 1,
            "Bots_Formation": "RANDOM",
            "Bots_FormationLooseness": 0.0,
            "Bots_Behaviour": "ALTERNATE",
            "Bots_Speed": "JOG",
            "Bots_UnderThreatSpeed": "SPRINT",
            "Bots_UnlimitedReload": 1,
            "Bots_WaypointInterpolation": "",
            "Bots_UseRandomWaypointAsStartPoint": 0,
            "Bots_CanBeLooted": 1,
            "Static_Objects": []
        }
    ]
}
