{
    "Missions": [
        {
            "Name": "Castle_Rog_Ambush",
            "Position": [
                11251.599609375,
                293.67999267578125,
                4272.419921875
            ],
            "Bots_Positions": [
                [
                    11243.6953125,
                    293.7054443359375,
                    4273.302734375
                ],
                [
                    11246.7939453125,
                    291.6092529296875,
                    4289.04296875
                ],
                [
                    11256.5810546875,
                    289.80194091796875,
                    4307.68603515625
                ],
                [
                    11268.4111328125,
                    290.20001220703125,
                    4302.291015625
                ],
                [
                    11269.2001953125,
                    289.47015380859375,
                    4284.61181640625
                ],
                [
                    11263.125,
                    290.752197265625,
                    4271.9375
                ],
                [
                    11251.58203125,
                    292.9095458984375,
                    4262.19189453125
                ],
                [
                    11234.0859375,
                    293.9808349609375,
                    4262.71533203125
                ]
            ],
            "Bots_Count_Minimum": 2,
            "Bots_Count_Maximum": 8,
            "Bots_Expansion_Loadouts": [
                "SanitarLoadout",
                "GlukharLoadout",
                "KillaLoadout",
                "BirdeyeLoadout",
                "BigPipeLoadout",
                "CultistLoadout",
                "BanditAK_MMG"
            ],
            "Bots_Faction": "Shamans",
            "Bots_Range": 400,
            "Bots_Accuracy_Min": 0.5,
            "Bots_Accuracy_Max": 0.7,
            "Bots_ThreatDistanceLimit": 400,
            "Bots_NoiseInvestigationDistanceLimit": 250,
            "Bots_Damage_Done_Multiplier": 1,
            "Bots_Damage_Taken_Multiplier": 1,
            "Is_NBC_Mission": 0,
            "Allow_Crate_Reward": 1,
            "Allow_Vehicle_Reward": 0,
            "Allow_Helicopter_Reward": 0,
            "Vehicle_Spawn_Position": [],
            "Loot_Pool_Index": 1,
            "Bots_Formation": "RANDOM",
            "Bots_FormationLooseness": 0.0,
            "Bots_Behaviour": "ALTERNATE",
            "Bots_Speed": "JOG",
            "Bots_UnderThreatSpeed": "SPRINT",
            "Bots_UnlimitedReload": 1,
            "Bots_WaypointInterpolation": "",
            "Bots_UseRandomWaypointAsStartPoint": 0,
            "Bots_CanBeLooted": 1,
            "Static_Objects": []
        }
    ]
}
