{
    "Missions": [
        {
            "Name": "Zenit_Ambush",
            "Position": [
                8078.74169921875,
                463.7473449707031,
                9307.849609375
            ],
            "Bots_Positions": [
                [
                    8075.6474609375,
                    462.9631042480469,
                    9315.201171875
                ],
                [
                    8069.736328125,
                    459.2082214355469,
                    9318.4169921875
                ],
                [
                    8073.046875,
                    458.8500061035156,
                    9323.9462890625
                ],
                [
                    8084.58251953125,
                    458.85003662109375,
                    9336.9833984375
                ],
                [
                    8090.53857421875,
                    458.3292236328125,
                    9344.625
                ],
                [
                    8079.35986328125,
                    455.57073974609375,
                    9361.9638671875
                ]
            ],
            "Bots_Count_Minimum": 2,
            "Bots_Count_Maximum": 6,
            "Bots_Expansion_Loadouts": [
                "SanitarLoadout",
                "GlukharLoadout",
                "KillaLoadout",
                "BirdeyeLoadout",
                "BigPipeLoadout",
                "CultistLoadout",
                "BanditAK_MMG"
            ],
            "Bots_Faction": "Shamans",
            "Bots_Range": 400,
            "Bots_Accuracy_Min": 0.5,
            "Bots_Accuracy_Max": 0.7,
            "Bots_ThreatDistanceLimit": 400,
            "Bots_NoiseInvestigationDistanceLimit": 250,
            "Bots_Damage_Done_Multiplier": 1,
            "Bots_Damage_Taken_Multiplier": 1,
            "Is_NBC_Mission": 0,
            "Allow_Crate_Reward": 1,
            "Allow_Vehicle_Reward": 0,
            "Allow_Helicopter_Reward": 0,
            "Vehicle_Spawn_Position": [],
            "Loot_Pool_Index": 1,
            "Bots_Formation": "RANDOM",
            "Bots_FormationLooseness": 0.0,
            "Bots_Behaviour": "ALTERNATE",
            "Bots_Speed": "JOG",
            "Bots_UnderThreatSpeed": "SPRINT",
            "Bots_UnlimitedReload": 1,
            "Bots_WaypointInterpolation": "",
            "Bots_UseRandomWaypointAsStartPoint": 0,
            "Bots_CanBeLooted": 1,
            "Static_Objects": []
        },
        {
            "Name": "Zenit_Ambush_1",
            "Position": [
                8078.74169921875,
                463.7473449707031,
                9307.849609375
            ],
            "Bots_Positions": [
                [
                    8056.455078125,
                    458.3815002441406,
                    9342.744140625
                ],
                [
                    8075.8359375,
                    455.4565734863281,
                    9364.755859375
                ],
                [
                    8091.02392578125,
                    455.7352294921875,
                    9365.23046875
                ],
                [
                    8098.58642578125,
                    457.9778747558594,
                    9354.470703125
                ],
                [
                    8102.3623046875,
                    458.375,
                    9346.6513671875
                ],
                [
                    8065.162109375,
                    458.8500061035156,
                    9332.443359375
                ],
                [
                    8110.44873046875,
                    458.5494079589844,
                    9335.423828125
                ],
                [
                    8071.37890625,
                    455.4682922363281,
                    9360.5244140625
                ],
                [
                    8066.94580078125,
                    456.8628845214844,
                    9351.3173828125
                ]
            ],
            "Bots_Count_Minimum": 2,
            "Bots_Count_Maximum": 9,
            "Bots_Expansion_Loadouts": [
                "SanitarLoadout",
                "GlukharLoadout",
                "KillaLoadout",
                "BirdeyeLoadout",
                "BigPipeLoadout",
                "CultistLoadout",
                "BanditAK_MMG"
            ],
            "Bots_Faction": "Shamans",
            "Bots_Range": 400,
            "Bots_Accuracy_Min": 0.5,
            "Bots_Accuracy_Max": 0.7,
            "Bots_ThreatDistanceLimit": 400,
            "Bots_NoiseInvestigationDistanceLimit": 250,
            "Bots_Damage_Done_Multiplier": 1,
            "Bots_Damage_Taken_Multiplier": 1,
            "Is_NBC_Mission": 0,
            "Allow_Crate_Reward": 1,
            "Allow_Vehicle_Reward": 1,
            "Allow_Helicopter_Reward": 0,
            "Vehicle_Spawn_Position": [
                8095.1982421875,
                458.7386474609375,
                9330.9287109375
            ],
            "Loot_Pool_Index": 1,
            "Bots_Formation": "RANDOM",
            "Bots_FormationLooseness": 0.0,
            "Bots_Behaviour": "ALTERNATE",
            "Bots_Speed": "JOG",
            "Bots_UnderThreatSpeed": "SPRINT",
            "Bots_UnlimitedReload": 1,
            "Bots_WaypointInterpolation": "",
            "Bots_UseRandomWaypointAsStartPoint": 0,
            "Bots_CanBeLooted": 1,
            "Static_Objects": []
        },
        {
            "Name": "Zenit_Ambush_2",
            "Position": [
                8164.22314453125,
                475.5192565917969,
                9144.8330078125
            ],
            "Bots_Positions": [
                [
                    8158.70947265625,
                    474.5530700683594,
                    9124.1943359375
                ],
                [
                    8167.9794921875,
                    474.17156982421875,
                    9121.671875
                ],
                [
                    8175.28369140625,
                    474.8367614746094,
                    9107.6650390625
                ],
                [
                    8163.109375,
                    482.28253173828125,
                    9147.2978515625
                ],
                [
                    8164.14208984375,
                    475.490234375,
                    9142.2744140625
                ],
                [
                    8154.63916015625,
                    475.3745422363281,
                    9137.513671875
                ]
            ],
            "Bots_Count_Minimum": 2,
            "Bots_Count_Maximum": 6,
            "Bots_Expansion_Loadouts": [
                "SanitarLoadout",
                "GlukharLoadout",
                "KillaLoadout",
                "BirdeyeLoadout",
                "BigPipeLoadout",
                "CultistLoadout",
                "BanditAK_MMG"
            ],
            "Bots_Faction": "Shamans",
            "Bots_Range": 400,
            "Bots_Accuracy_Min": 0.5,
            "Bots_Accuracy_Max": 0.7,
            "Bots_ThreatDistanceLimit": 400,
            "Bots_NoiseInvestigationDistanceLimit": 250,
            "Bots_Damage_Done_Multiplier": 1,
            "Bots_Damage_Taken_Multiplier": 1,
            "Is_NBC_Mission": 0,
            "Allow_Crate_Reward": 1,
            "Allow_Vehicle_Reward": 0,
            "Allow_Helicopter_Reward": 0,
            "Vehicle_Spawn_Position": [],
            "Loot_Pool_Index": 1,
            "Bots_Formation": "RANDOM",
            "Bots_FormationLooseness": 0.0,
            "Bots_Behaviour": "ALTERNATE",
            "Bots_Speed": "JOG",