{
  "ConfigVersion": 28,
  "ID": 2,
  "ObjectiveType": 6,
  "ObjectiveText": "Find the location of the grave in Elekto",
  "TimeLimit": -1,
  "Active": 1,
  "ShowDistance": 1,
  "ContainerName": "ExpansionQuestSeaChest",
  "DigInStash": 1,
  "MarkerName": "???",
  "MarkerVisibility": 4,
  "Positions": [
    [
      10607.5,
      33.019798278808594,
      2638.31005859375
    ],
    [
      10611,
      32.954898834228516,
      2647.18994140625
    ],
    [
      10617.7998046875,
      32.93370056152344,
      2657.260009765625
    ],
    [
      10623.599609375,
      32.974300384521484,
      2664.260009765625
    ],
    [
      10634.2998046875,
      32.98400115966797,
      2657.93994140625
    ]
  ],
  "LootItemsAmount": -7,
  "MaxDistance": 10,
  "Loot": [
    {
      "Name": "NailBox",
      "Chance": 0.30000001192092896,
      "Attachments": [],
      "QuantityPercent": -1,
      "Max": -1,
      "Min": 0,
      "Variants": []
    },
    {
      "Name": "NailBox",
      "Chance": 0.5,
      "Attachments": [],
      "QuantityPercent": -1,
      "Max": -1,
      "Min": 0,
      "Variants": []
    },
    {
      "Name": "Lockpick",
      "Chance": 0.4000000059604645,
      "Attachments": [],
      "QuantityPercent": -1,
      "Max": -1,
      "Min": 0,
      "Variants": []
    }
  ]
}