{
    "ConfigVersion": 28,
    "ID": 3,
    "ObjectiveType": 6,
    "ObjectiveText": "Find the Marcus base",
    "TimeLimit": -1,
    "Active": 1,
    "ShowDistance": 1,
    "ContainerName": "ExpansionQuestSeaChest",
    "DigInStash": 1,
    "MarkerName": "???",
    "MarkerVisibility": 4,
    "Positions": [
        [
            6153.759765625,
            278.0360107421875,
            10270.2001953125
        ],
        [
            5846.10009765625,
            273.16400146484377,
            10186.400390625
        ],
        [
            5905.0400390625,
            276.2049865722656,
            10177.900390625
        ],
        [
            3862.760009765625,
            312.90899658203127,
            9070.8798828125
        ],
        [
            3929.179931640625,
            317.4670104980469,
            9047.330078125
        ],
        [
            2770.89990234375,
            273.4549865722656,
            10022.099609375
        ],
        [
            2653.409912109375,
            274.0150146484375,
            10022.2001953125
        ],
        [
            5920.759765625,
            237.10499572753907,
            11357.599609375
        ],
        [
            6091.240234375,
            248.2239990234375,
            10972.5
        ]
    ],
    "LootItemsAmount": -5,
    "MaxDistance": 10.0,
    "Loot": [
        {
            "Name": "Ammo_22",
            "Chance": 0.10000000894069672,
            "Attachments": [],
            "QuantityPercent": -1,
            "Max": -1,
            "Min": 0,
            "Variants": []
        },
        {
            "Name": "Ammo_357",
            "Chance": 0.20000001788139344,
            "Attachments": [],
            "QuantityPercent": -1,
            "Max": -1,
            "Min": 0,
            "Variants": []
        },
        {
            "Name": "Ammo_12gaSlug",
            "Chance": 0.10000000894069672,
            "Attachments": [],
            "QuantityPercent": -1,
            "Max": -1,
            "Min": 0,
            "Variants": []
        }
    ]
}